Date,Rice_Type,Avg_Price_PKR,Demand_Tons,Supply_Tons,Rainfall_mm,Temp_C,Fertilizer_Cost_PKR,Fuel_Price_PKR,Export_Index,Harvest_Season,Market_Demand_Score
2020-01-31,Basmati,4229.716410976598,898.6181637281699,1010.380131533917,56.18101782710438,39.112857515378494,6329.984854528513,309.86584841970364,0.3092130483097056,0,3.0
2020-01-31,IRRI,4343.298139690655,1299.680497240468,1347.6361868958363,106.21088666940682,22.370520897324443,6924.774630404985,333.24426408004217,0.3486373774747933,0,4.0
2020-01-31,Hybrid,4566.192164833912,1068.398641149707,1090.4055665825344,45.63633644393066,31.445615769380282,5579.862546605289,279.12291401980417,0.6282970263056656,0,4.0
2020-02-29,Basmati,4463.8567494461295,955.4619517663209,1021.998936550625,54.95427649405376,30.209259715906647,6462.939903482534,269.967378215836,0.5599641068895281,0,4.0
2020-02-29,IRRI,4726.1170611666275,1364.4687573561346,1480.0670939655097,91.13172778521576,25.069434226371246,4662.628982463199,344.88855372533334,0.8759424231521915,0,5.0
2020-02-29,Hybrid,4523.074117796711,1148.4173138537085,1140.305294775349,14.65081710095758,34.31619447721882,5600.3812343490035,262.2038234844779,0.5466238370778891,0,4.0
2020-03-31,Basmati,4696.401247186842,1083.9934356804185,1187.4328199105314,46.75666141341164,31.361224381200593,5866.775698358199,268.48544555255273,0.878709239435191,0,4.0
2020-03-31,IRRI,4385.034460271097,1201.7653969007688,1243.429413531727,138.2811352534675,23.59286503693455,4989.9571560478635,254.52272889105382,0.42773123153428505,0,4.0
2020-03-31,Hybrid,4235.025369043902,1133.7260721629245,1252.9756204171504,124.3106263727894,28.421559880484608,5202.336274218452,304.2696083158248,0.29864695748233383,0,3.0
2020-04-30,Basmati,4195.8658358564635,930.5193490704044,1051.166820467752,109.3510752061481,35.88286624034703,4685.111629335226,285.8465728544273,0.2811083416675908,0,3.0
2020-04-30,IRRI,4605.688101322665,1494.1839038388875,1568.9389138009155,49.634703727897374,23.144050305148426,5277.455804289156,282.5183322026747,0.7107243248366448,0,4.0
2020-04-30,Hybrid,4463.922270554507,1173.46923947984,1315.8678700253988,70.83223877429239,24.15269642688943,6283.1119680574875,326.07850486168974,0.5928940382986474,0,4.0
2020-05-31,Basmati,4128.25439835939,805.5676568324636,923.3742225808945,78.40992440729912,29.695738330453892,4563.547816860238,260.78914269933045,0.22200042998071398,0,3.0
2020-05-31,IRRI,4637.5412561338535,1181.5658338000112,1221.7351023557255,76.28560367470541,38.336196530669675,5123.230572872188,291.03829230356297,0.7288857969801341,0,4.0
2020-05-31,Hybrid,4645.086734843927,1224.2386357992586,1310.9072300672774,139.45464785138597,36.54616683215951,6083.5093912760585,337.1460590187718,0.76257045382938,0,4.0
2020-06-30,Basmati,4402.272820244422,1052.166492619198,1142.101995225897,134.41369498852399,27.72406254949355,4775.1298113191915,272.7935162541942,0.4989754520383794,0,4.0
2020-06-30,IRRI,4277.328321983169,1290.1402696161044,1332.0457881144869,1.0428195796786055,31.193451446396182,5543.527507871948,272.210781047073,0.28390575713357796,0,3.0
2020-06-30,Hybrid,4733.39033943744,970.7900581372245,1029.1604523253864,48.480439803113285,31.33823119138059,6257.547397237944,286.3629602379294,0.8802474579046724,0,5.0
2020-07-31,Basmati,4237.978149206757,1068.3427845945353,1113.9365671889148,42.72607415662014,22.66396505238159,6023.910834949742,300.26790232288613,0.23603512587499256,0,3.0
2020-07-31,IRRI,4338.44748278658,1442.0889424866918,1536.8724508410398,35.934283600045866,24.608107697642016,5723.6319006939075,348.56504541106005,0.3694386900580503,0,4.0
2020-07-31,Hybrid,4550.7044781381655,989.5511349034136,1050.5250086524143,35.64563159885995,35.10789427501347,5419.457831798133,313.23058305935797,0.6434707975326263,0,4.0
2020-08-31,Basmati,4486.07540962288,889.9182572448282,968.4054808528067,125.2953743383857,27.774041169491245,4966.296275999635,254.0775141554764,0.6136250602317692,0,4.0
2020-08-31,IRRI,4753.33344444442,1380.929801304583,1406.009366325424,96.77591856141748,25.138595722089846,6227.344345256165,288.6735346300537,0.8557109921157142,0,5.0
2020-08-31,Hybrid,4508.462867304449,1068.6989086150568,1192.5665604222222,17.021028186088362,38.64448512901413,6693.348383452452,275.7941627715156,0.6619888322239253,1,4.0
2020-09-30,Basmati,4650.438379822931,958.5209708724052,1083.9468510287675,79.44758675340097,26.35334123620813,4732.756919514748,339.7215757953327,0.8302926400143313,0,4.0
2020-09-30,IRRI,4643.000402533467,1230.508082065575,1302.5970541620052,52.381436191899134,35.06720221966431,6742.775649881443,338.70864242651174,0.7459128821003367,0,4.0
2020-09-30,Hybrid,4290.8092455859205,989.9495632655173,991.2289722046514,24.244307114192065,38.173975393487424,6016.072649148975,250.91970516166296,0.2710300800062225,1,4.0
2020-10-31,Basmati,4361.7405612544135,1051.7214034398241,1081.4441434530195,103.784279653904,33.73530267104681,5060.6732736513995,321.2179221347536,0.36607436124776005,0,4.0
2020-10-31,IRRI,4250.008851429899,1043.2671479353512,1103.4005778892292,97.4449348570822,37.2860213888952,6144.032230750859,306.83086033354715,0.26557233747966474,1,3.0
2020-10-31,Hybrid,4503.567580019705,1034.5176969719673,1164.5140901312059,36.59844650686254,39.51418998554402,5482.744311666901,339.20465551771133,0.641797038198084,0,4.0
2020-11-30,Basmati,4332.489249549086,974.8529523013266,1061.2571527934126,86.53558269395387,30.86531848873955,4988.107469495111,322.2452115261505,0.39654065370859903,1,4.0
2020-11-30,IRRI,4424.189470242122,1249.863435309592,1309.505290632277,26.56660191105734,38.92825451835246,6884.821442506469,341.48643902204486,0.4591110901788111,1,4.0
2020-11-30,Hybrid,4672.284658015323,993.0127701070872,1046.2731035379838,144.54299656338793,37.35417019841248,5236.122230173964,288.5097728601925,0.7957956700617999,0,4.0
2020-12-31,Basmati,4268.2981869981795,870.9177216235671,905.5293014164122,83.52018936875253,38.850785934894056,6240.074491687433,307.0061170089365,0.268023545639538,1,3.0
2020-12-31,IRRI,4423.809912395073,1327.502605970665,1373.628579504277,131.60596078919332,35.33383511957568,6242.53935248817,320.2484083987109,0.45164380585382863,0,4.0
2020-12-31,Hybrid,4423.948448315755,1091.2283149811058,1222.3099988305112,121.51700920187712,37.60730173444187,6783.101381391178,301.1342398860938,0.5510614062810397,0,4.0
2021-01-31,Basmati,4426.452396928773,945.8412126820278,974.1037731082905,105.2950315886555,36.32426804984982,6725.013354543916,283.79951568515355,0.4629080668479608,0,4.0
2021-01-31,IRRI,4497.841741836303,1271.7158266368751,1377.2416246991456,5.391341069511313,30.38076432638428,5856.611586768941,278.65412521282843,0.6135832823983075,0,4.0
2021-01-31,Hybrid,4492.847350981644,1352.1044755440414,1498.0869788396246,19.059076897782717,31.400378680986478,6424.983882746527,271.58210274968434,0.6360233330733002,0,4.0
2021-02-28,Basmati,4317.329271224305,868.3388196648565,980.0833834496138,95.61448522473098,35.06964400700791,6939.630198656337,301.63003483011954,0.42606953105887213,0,4.0
2021-02-28,IRRI,4634.013959713714,1345.7331604544254,1491.9673896060021,65.84571310584542,23.412214864160788,4563.376858538644,346.2648414677925,0.7851860843585441,0,4.0
2021-02-28,Hybrid,4565.016750970855,1065.7963660637088,1166.888293018573,25.994148010626866,24.815866768079548,5125.607245411488,304.92266647061206,0.7002171458900437,0,4.0
2021-03-31,Basmati,4471.8206170674275,872.8484234116868,887.4983951684261,143.2297920994791,35.282144500523835,5885.885131278502,311.1720746234352,0.49372004369945294,0,4.0
2021-03-31,IRRI,4183.819660111979,1367.4931471859227,1478.9602331713206,113.67691656965536,22.259082795335605,4790.181601267291,254.60026420217528,0.2285101616232791,0,3.0
2021-03-31,Hybrid,4347.043986943304,927.141955714457,926.3575285074048,71.12607436309878,23.761014891718027,5729.039687792081,297.3471770780566,0.32124130893701064,0,4.0
2021-04-30,Basmati,4538.18714435665,1109.6199062593132,1178.607062251859,92.37751470783247,33.43168571561759,4613.260024430111,287.46126146264714,0.6381019409999654,0,4.0
2021-04-30,IRRI,4216.117661948194,1359.099656279874,1435.1652066196439,98.80404474284175,24.932819687465734,4676.421868501075,314.24192782063153,0.21855791737913527,0,3.0
2021-04-30,Hybrid,4474.26095403837,1111.3372542834986,1208.0173399440039,86.32112668138184,28.987058671717392,6108.220546105883,295.82528904915165,0.5819317525211545,0,4.0
2021-05-31,Basmati,4195.6621234638915,822.5025280355121,911.7181580145156,144.17858457358713,38.296311555209144,4989.477836973241,256.9361300875165,0.27054460096419863,0,3.0
2021-05-31,IRRI,4397.6168587096745,1243.083661090279,1268.0074502360592,47.846344544064195,37.20775559745018,4558.179839339565,331.44684825889357,0.39729834234137995,0,4.0
2021-05-31,Hybrid,4386.438671255411,1056.7135787716209,1090.0754662786433,94.34142701698259,37.794496243486954,6337.677609509714,330.3480930384849,0.39742420079991453,0,4.0
2021-06-30,Basmati,4621.005403278702,1005.1166270607621,1069.2120366170852,121.0252108900896,39.82909255601212,5531.544192278567,287.2018085792783,0.7434890725193977,0,4.0
2021-06-30,IRRI,4226.81011958934,1258.4330676168497,1380.732154370844,128.76191277645177,29.721892492750328,6377.177669478743,325.45428740846825,0.27218670818515284,0,3.0
2021-06-30,Hybrid,4194.110501787187,1096.3249782705757,1164.6115495354236,123.96861991616124,27.760892818551014,6738.808071240501,288.9201678734163,0.20758635603620887,0,3.0
2021-07-31,Basmati,4395.618533847827,1078.3229803533948,1097.0081713008453,142.5910720406334,32.321881986219154,6079.5930304244985,294.844552197832,0.40524754018864517,0,4.0
2021-07-31,IRRI,4484.671642374679,1254.3150706070812,1293.028220914606,112.85617941565201,36.24842278706527,6474.045356986385,259.12061030486905,0.546094213291807,0,4.0
2021-07-31,Hybrid,4206.765340613878,1041.6162167384455,1172.756171184646,66.22957520600656,37.978675289649395,5377.287531380197,261.7067016427606,0.3000941774369851,0,3.0
2021-08-31,Basmati,4640.599189031499,1072.8173526381179,1137.4535297896834,15.168401418418537,23.513922510069953,6252.4228286478,257.27630063641936,0.7753020415032492,0,4.0
2021-08-31,IRRI,4609.286395642617,1189.7740709553964,1310.3247706903608,12.725657112778787,39.759512413021156,5435.676989390301,287.0642147066891,0.7689596970802517,0,4.0
2021-08-31,Hybrid,4749.763267737058,1105.1015482560554,1111.2376337765652,12.525107504800314,35.988644486693865,5896.010624339513,292.4222009246976,0.8344480695663152,1,5.0
2021-09-30,Basmati,4228.286138489082,1079.2085815879434,1168.092346004168,1.7030467151128603,30.435891555894273,4640.758189204594,261.88179162680717,0.28226837274397343,0,3.0
2021-09-30,IRRI,4679.8521783946935,1290.8220674021484,1358.9527503941529,87.50531476457394,39.319105872541755,5437.17644880926,278.57120862818607,0.8080193897326222,0,4.0
2021-09-30,Hybrid,4480.781913158786,1065.2278179858617,1213.7609106653633,11.06948471030983,31.969377119223772,6923.256339047748,302.3097844170149,0.6405790466946837,1,4.0
2021-10-31,Basmati,4370.056804572852,1173.1385637185215,1201.5503918532859,94.13371201260952,32.5176576146158,6752.895026227472,254.54463803414578,0.39667423271456126,0,4.0
2021-10-31,IRRI,4502.177793235451,1176.579395202423,1265.506806866273,41.6071774471699,25.386180875027705,5659.246012349955,285.3352228026053,0.6085592782956104,1,4.0
2021-10-31,Hybrid,4578.091739152888,979.8802822474812,1145.8670711314073,122.0692529560423,34.325161105969826,4906.542348362228,341.0927184493843,0.7757760700462182,0,4.0
2021-11-30,Basmati,4382.259867860068,946.3611236951718,1011.44846651839,139.909272503102,37.58915001100735,4613.046675265474,252.6366974497252,0.4635243568146347,1,4.0
2021-11-30,IRRI,4478.4455126279745,1051.5896848852308,1100.1877479848688,57.13362849465323,39.458459160662855,6605.2973078392715,333.8328704711138,0.5280852118564792,1,4.0
2021-11-30,Hybrid,4772.221145315124,1255.502461757827,1322.816650712252,8.456324497639066,37.56500277259096,6532.252522825194,349.97176732861305,0.8976457859517337,0,5.0
2021-12-31,Basmati,4180.410906002066,897.1753509704652,1043.7547224145846,141.7148594823642,37.293653032193404,5118.370254357994,295.05441353100935,0.2904115906060465,1,3.0
2021-12-31,IRRI,4195.476277611964,1239.2253083232054,1398.4545385448212,34.296420825519405,34.09061231930542,6045.32060114474,285.81627180328405,0.2794903145397403,0,3.0
2021-12-31,Hybrid,4464.373763085593,1080.005470966888,1201.7535702666748,115.8477587603459,31.36294302001588,6630.4537507963505,305.1906838774486,0.5926565800747704,0,4.0
2022-01-31,Basmati,4614.553984272886,1070.0252531203057,1106.9302780426049,20.10228426759611,22.518088173640102,6387.843139184048,312.03095513534646,0.6928558376694565,0,4.0
2022-01-31,IRRI,4429.094397830048,1291.2000450536789,1377.5134978135134,2.181699850182289,28.310576058518745,5974.794217136583,289.2244045099732,0.5062324454166103,0,4.0
2022-01-31,Hybrid,4649.137111886064,1098.201551067645,1203.4415072272557,77.09842337397161,36.105754229340576,5491.356955803176,312.2086700227874,0.8036545961227215,0,4.0
2022-02-28,Basmati,4337.2533478980995,852.9338392668787,944.1647983573494,38.73665824484375,30.2644436122887,6950.081438213692,299.26180939928696,0.43012612720125576,0,4.0
2022-02-28,IRRI,4257.539425012689,1206.1122637422895,1282.7718273317141,11.379499216299587,24.319834994391687,4820.114597394431,265.19026935122946,0.2971790208545871,0,3.0
2022-02-28,Hybrid,4329.717883466778,929.6771063479019,950.4034832345006,51.85009249857948,38.14219137830821,5684.904100657181,316.7557738521027,0.32062390984114086,0,4.0
2022-03-31,Basmati,4424.410597620582,1038.6676648029706,979.8378548292332,26.551572641512024,23.596645607627,4801.589677751502,296.0778768032726,0.3444336028840548,0,4.0
2022-03-31,IRRI,4256.161013995326,1313.1372743323614,1372.8006392145812,103.5592242944048,22.70761851713978,6498.525997272607,312.7900389490908,0.2572313223642103,0,3.0
2022-03-31,Hybrid,4404.754519580781,1274.5935244617947,1333.243349624727,120.9301919689592,35.46867442690585,4961.302548390943,270.93493233367104,0.45933047195396737,0,4.0
2022-04-30,Basmati,4308.202750333012,1029.740619609773,1106.3705365240428,55.33704593546586,30.32562489039666,6368.677345334391,253.66832028905978,0.3767058610408145,0,4.0
2022-04-30,IRRI,4530.431556226921,1217.7354052580245,1237.858634332141,76.75161631734991,31.578042734775682,4767.93002834944,294.74123668234546,0.5728320865185161,0,4.0
2022-04-30,Hybrid,4351.361233088806,1330.950977212174,1436.351489952785,56.5926244656934,22.361281559999075,5305.197913957945,271.14480069965447,0.42924814652454024,0,4.0
2022-05-31,Basmati,4443.477856362319,968.3877048283402,1121.1647511347494,118.37568579110075,30.97195958072303,4717.300720218559,303.7106541818548,0.6107887826146154,0,4.0
2022-05-31,IRRI,4510.512866917712,1208.9725422279632,1290.9484131463587,19.137045419334562,27.10796630437704,5407.705740996587,314.59172413316014,0.5995448132682384,0,4.0
2022-05-31,Hybrid,4319.998390298727,1035.7463612121296,1061.5413754241495,15.267370893060562,24.751464505317976,5114.89432096127,266.06813732595555,0.3305969168359141,0,4.0
2022-06-30,Basmati,4770.048252106458,1119.1961274614684,1150.7209070981812,134.5148136939638,23.44420742190956,5811.278473925637,291.03968269896615,0.8876650318360244,0,5.0
2022-06-30,IRRI,4271.192944390974,1240.9646405367303,1330.4239277929482,145.42056499130533,37.579128266091644,6542.6801773731995,275.79028270449396,0.3196213111730461,0,3.0
2022-06-30,Hybrid,4387.782119419192,966.9699250392196,943.4287067964115,83.51443395208946,32.2890284104582,5199.94773415071,326.94929331919366,0.3309306239902664,0,4.0
2022-07-31,Basmati,4334.8524922853485,902.8603527599331,981.4757974056298,76.14155680266825,26.363375183471444,4787.092061848009,311.0620042441633,0.40204138726817906,0,4.0
2022-07-31,IRRI,4294.5652706739365,1343.581237833615,1379.1708474131021,72.17101527822263,31.586609785928545,4629.558842056067,283.66042781939205,0.294090273857282,0,4.0
2022-07-31,Hybrid,4510.219182043267,886.3258575625257,892.3336237537239,38.19609821456458,34.267049000030724,6400.569649724216,309.5638740607844,0.5301033319851108,0,4.0
2022-08-31,Basmati,4581.350619972816,981.4689318740088,1051.5709444318397,139.4293716371739,36.95114934017913,6912.567276666281,262.4297223485545,0.7116072326425509,0,4.0
2022-08-31,IRRI,4329.601744177764,1164.8507939251615,1216.1321362672418,86.17096697698679,37.1529179816489,4849.4309415657235,329.52673118598904,0.34113912403342117,0,4.0
2022-08-31,Hybrid,4669.008259781724,1243.1939682049137,1333.8833035711898,122.18620803470732,33.9735499725316,5807.663561922798,285.88304841235026,0.8140403785691757,1,4.0
2022-09-30,Basmati,4596.251694159424,898.7901222538391,962.7668404431421,65.87023628553277,28.784999729648337,5656.699464174017,280.1377874164142,0.7233265661233759,0,4.0
2022-09-30,IRRI,4510.473460971886,1190.4342750027968,1324.6092143613803,134.93618599118528,28.910041984717807,5858.882152784971,340.6472110964547,0.6369665971397944,0,4.0
2022-09-30,Hybrid,4680.48307157868,1053.480925166366,1134.117358550085,20.89081089950809,36.29245340686533,6050.181889821284,303.34610919763213,0.8257248081356703,1,4.0
2022-10-31,Basmati,4490.652712347094,1102.9544932900196,1178.9892605882335,46.75831016933223,26.472804516660382,6359.865731431692,253.35324347357795,0.5989227794099216,0,4.0
2022-10-31,IRRI,4292.85234170161,1318.7195942704745,1372.1438475118855,51.31226230738612,36.78263148409623,4776.579342388018,334.6452291734518,0.2892420636323877,1,3.0
2022-10-31,Hybrid,4506.425753638225,1209.8389077844363,1358.1762212328028,22.487614102316066,26.126525114187547,6305.631420982666,322.00365365460743,0.6488033430197081,0,4.0
2022-11-30,Basmati,4641.389588425947,950.3652381914435,903.0141845368449,37.769858836042914,28.222527883070548,4953.994292003565,340.84505613336285,0.6083742563362844,1,4.0
2022-11-30,IRRI,4490.840281172137,1388.9398198604456,1546.2744015262665,142.0925009417723,24.760325256089445,5965.574580041994,300.5888678884466,0.6280179648042534,1,4.0
2022-11-30,Hybrid,4407.247676398821,900.4859660314708,1065.7268963539893,104.49762358153384,38.60498886119132,6268.096585783496,265.2539042914261,0.6034018521167692,0,4.0
2022-12-31,Basmati,4157.132466972528,873.2397549881525,1033.182648583554,110.46663534370842,38.81860626584226,6813.9212822669415,295.08393714041324,0.2792666320885287,1,3.0
2022-12-31,IRRI,4729.214443428459,1445.803645010125,1397.5050393835663,88.69131536173938,29.182048669662343,4636.904097055079,283.5197241645901,0.7619974140186079,0,5.0
2022-12-31,Hybrid,4508.145091423192,1095.0090976023396,1097.447618438817,137.97834246191408,28.234227898587303,5367.383004740569,323.75012481097485,0.516552558622865,0,4.0
2023-01-31,Basmati,4791.928827316662,1224.3747554789488,1186.3552040755383,21.128553056969977,25.17496575711202,5745.919431848699,291.8925449504548,0.84039213074767,0,5.0
2023-01-31,IRRI,4769.060158757024,1425.3039732043405,1438.945606404843,94.83964318792955,22.235700218590004,6158.843430041777,267.80359668697514,0.8727492222286186,0,5.0
2023-01-31,Hybrid,4200.3649817680125,871.6989709786615,957.9734844583595,12.802450211796579,39.94373653322705,5755.487525828106,309.53850173200436,0.24695353417189925,0,3.0
2023-02-28,Basmati,4422.857696835187,977.8796587609222,1060.1427988287385,134.70814341610705,25.69251352867613,4976.719301659166,253.6549667848095,0.5304468615769995,0,4.0
2023-02-28,IRRI,4406.4304989586635,1176.762001740407,1260.2129201481998,116.32914250425159,30.159199025464495,5810.97567331895,294.0762746938228,0.4805341426127282,0,4.0
2023-02-28,Hybrid,4259.555924537831,891.7252579110815,1034.7966239971208,27.28921957429067,37.51214117824331,6865.288655334081,287.3309316279753,0.38952127120048763,0,3.0
2023-03-31,Basmati,4254.673205287567,925.2389610786204,939.5847942510363,3.807953349051729,24.810746752591427,6289.930572118494,315.8923941910151,0.21896719475243845,0,3.0
2023-03-31,IRRI,4279.130925170816,1219.2355750026265,1325.0422788192077,100.78391153980927,22.354789679578555,4760.271454961435,329.99160853731894,0.3249812634380335,0,3.0
2023-03-31,Hybrid,4723.660710202743,1357.0995109274743,1359.7282844949416,14.916208913901773,26.377099437990175,6305.667329639148,335.56964681062857,0.7811539051968941,0,5.0
2023-04-30,Basmati,4289.646503033297,1011.8179050968549,1005.4117551400644,30.747644312373147,27.27665914469824,6740.839546302799,251.3001923510736,0.2598559715981277,0,4.0
2023-04-30,IRRI,4409.739575681056,1327.2150235147412,1302.2024076856053,63.21368258887469,38.068090799385544,6543.6089043461025,284.1817351697876,0.3815964034019047,0,4.0
2023-04-30,Hybrid,4449.24338867535,1089.8126573863622,1143.018911017529,40.20954612343144,33.23468034128442,5523.529130478101,305.204718085198,0.5052885703947216,0,4.0
2023-05-31,Basmati,4636.269228380891,1086.445432838554,1226.6558170365827,114.54086912396413,24.522037163796146,6671.169939744782,298.74311982495135,0.8261865588258639,0,4.0
2023-05-31,IRRI,4368.0658939324385,1324.828895084152,1366.3038075161214,3.3703962480176095,26.836192468929028,5854.085536652167,313.34782198261473,0.38052137980324163,0,4.0
2023-05-31,Hybrid,4143.2700358253205,864.9911633045292,972.1164114911109,147.66032710553282,31.462423281448345,4929.198214620758,277.2307326519369,0.21287347358322672,0,3.0
2023-06-30,Basmati,4136.643789793748,929.8867195402394,1045.646608812989,83.126700377369,33.725566990333554,6574.354509268004,270.64212717606034,0.20769708006093635,0,3.0
2023-06-30,IRRI,4537.423540113406,1297.2826674482412,1246.8121027870286,90.07752906504801,33.970660141832596,4938.428196558624,341.441194592496,0.4931393674244512,0,4.0
2023-06-30,Hybrid,4592.540333274986,1113.3585086500052,1094.434432810846,7.044895016258257,24.99310063760943,6345.084041065926,258.2798667925126,0.6222064766264717,0,4.0
2023-07-31,Basmati,4527.3484822196215,1243.407026354389,1286.8401565331471,43.30406051560498,28.402108896369086,6297.614762960614,279.7121715623175,0.5964832482078279,0,4.0
2023-07-31,IRRI,4315.519555662473,1167.290206080353,1251.495588992364,140.5244608987137,35.1862977497845,5037.350946476892,253.11831350612846,0.38358483100987756,0,4.0
2023-07-31,Hybrid,4273.79598427102,1045.476584506494,1093.6249583037252,74.45493708018545,32.74317128050401,5335.609727042402,327.0912203745822,0.27461877719364025,0,3.0
2023-08-31,Basmati,4605.516367312009,1074.0026670229474,1187.4951289904698,74.32369743092977,34.39124313569925,5587.068346509365,274.64020332391067,0.7733716223719398,0,4.0
2023-08-31,IRRI,4714.17307407231,1210.2475916145377,1257.099684781003,40.8217705844944,32.624152003643566,5402.434742350067,259.15820733266344,0.84211950282357,0,5.0
2023-08-31,Hybrid,4537.386192308567,1138.4916363366372,1252.093211351436,81.28514210675372,37.71302504577535,6330.562216023903,330.65611478614494,0.661148356697502,1,4.0
2023-09-30,Basmati,4740.264447876101,1145.9202875642145,1210.1027105422902,37.45020132887789,30.809649345576528,5053.0236045490055,348.7668007996647,0.8608415377806293,0,5.0
2023-09-30,IRRI,4746.240850567912,1326.456990833055,1411.5504050592604,5.0918967878698265,34.55356481044312,5243.372518431377,342.439619537653,0.8797407716157575,0,5.0
2023-09-30,Hybrid,4136.914344682637,832.6461848874103,972.351050887476,129.30639764839702,37.201889173631265,5297.751183108139,332.89154741506775,0.22590534430084486,1,3.0
2023-10-31,Basmati,4622.838254514041,1088.928607304633,1120.5590609642427,18.08503286659182,23.385157629325764,6240.72193969535,283.98749637680663,0.7073367400701329,0,4.0
2023-10-31,IRRI,4656.852174580958,1166.7603579395004,1286.4973779105799,80.92369385630059,36.23301696710134,5296.881257330175,312.5891376437009,0.8201844237653311,1,4.0
2023-10-31,Hybrid,4447.951796319319,985.7045564516051,1106.9039519075802,3.660117233480703,37.661779730216736,4553.173527125968,337.4701672684199,0.5702559938190483,0,4.0
2023-11-30,Basmati,4697.052016863502,846.4252620484029,844.4859835714888,71.98134304558633,33.29509833793066,6684.192785465847,348.4083469199295,0.7377913897051627,1,4.0
2023-11-30,IRRI,4354.357050395625,1216.81949591807,1283.7482902820304,110.63734523833372,26.29798862382944,4776.185282828486,285.46221576407765,0.40106729415785725,1,4.0
2023-11-30,Hybrid,4388.730995694787,1063.5306143826242,1148.9245718945724,6.313978445454282,22.32173082520145,6969.305974340079,292.77731337358625,0.46902865301177715,0,4.0
2023-12-31,Basmati,4605.245908113339,996.5880894986603,1151.5761529032575,142.4941775925338,36.15421025947994,4723.527505780648,291.7580775784928,0.8153828152935152,1,4.0
2023-12-31,IRRI,4681.3430386734435,1538.6266295207076,1688.0843990864146,92.01170838160616,25.006611029657353,6977.921565342442,273.1671701383443,0.8599122418945879,0,4.0
2023-12-31,Hybrid,4238.930441689755,1040.8420778603472,1165.67355974622,76.9032766524763,26.152056610919658,4941.320080013771,272.04862090701755,0.3305067835009782,0,3.0
2024-01-31,Basmati,4827.362923440314,947.508694907498,940.5654648537936,8.676401484509455,39.4438473425346,6709.464712408564,342.77522831952126,0.8964354758525046,0,5.0
2024-01-31,IRRI,4387.60668373213,1246.4302708925798,1243.390219413841,113.73577135561369,34.52837112496826,4884.7397658496375,331.5833124990618,0.3571084002856625,0,4.0
2024-01-31,Hybrid,4310.824667154632,1107.1183988305472,1229.087079571072,88.94099022625548,32.4415517410806,4728.717093494387,337.746086263038,0.3859200298120943,0,3.0
2024-02-29,Basmati,4260.738600279094,1037.3952156550122,1193.6488299491757,82.6286055913709,23.565761678405384,5521.133032676747,287.26885170123137,0.38182764863222834,0,3.0
2024-02-29,IRRI,4705.547470345336,1051.4551087398531,1060.375333109907,12.15693238614719,25.963297635096605,6208.14690914899,257.61308594903,0.795844839834138,0,5.0
2024-02-29,Hybrid,4529.174255800967,1109.1527196254804,1158.960348625913,88.86116769892764,36.844257386652686,5369.523019755483,317.80161525590637,0.5960123747970537,0,4.0
2024-03-31,Basmati,4557.679437469237,1050.891149720291,1167.6862269543692,119.61390324103921,33.85213302385166,6626.454322735604,336.72942009598023,0.6958540837005243,0,4.0
2024-03-31,IRRI,4677.238233559426,1315.2600501774314,1392.9999576519065,102.02111576404506,33.135004807873315,6381.791598894103,265.86051052930736,0.8166095314392499,0,4.0
2024-03-31,Hybrid,4672.720650082856,1080.0959340246611,1140.320237211356,50.26782813887129,35.38314861324894,4901.899740120771,331.7967024119062,0.7824939245704192,0,4.0
2024-04-30,Basmati,4257.707981419772,1009.8740741554562,1176.6479543159767,43.055719976236915,33.10468453076336,6952.965445068559,313.1813527016668,0.38186250674491184,0,3.0
2024-04-30,IRRI,4789.66574356705,1556.4605599620531,1557.7812094134067,116.97680927267155,23.92565149888525,6402.56975625507,304.126657867611,0.8740944027012962,0,5.0
2024-04-30,Hybrid,4272.232438397946,1218.408612222379,1245.0436904171263,139.80421582650263,23.845175103832226,6843.071218091128,318.78857223008134,0.24748594137362034,0,3.0
2024-05-31,Basmati,4253.095804093679,958.3234285808294,984.0536772592446,10.102590220315754,32.47906828317292,5364.707642382392,312.09155177674774,0.232019423668759,0,3.0
2024-05-31,IRRI,4585.3960565382085,1368.354846548552,1513.1503075143455,3.6880374688202266,22.39822392752195,5309.025547873853,298.86431904046657,0.7392851924654553,0,4.0
2024-05-31,Hybrid,4245.46387450239,1028.288558410542,1135.8628033618231,41.04399994224988,39.9482410028388,5565.453255589932,295.13870243296753,0.3145366748341684,0,3.0
2024-06-30,Basmati,4363.126791944923,1108.4478633647636,1160.1121585594574,33.11544191831406,23.48285882108517,6201.248255186782,315.45112142811354,0.3912816688987465,0,4.0
2024-06-30,IRRI,4759.056714815864,1432.6110540108748,1484.874515097092,62.95909753891834,33.49346705795354,5493.985994906986,277.421520234867,0.8887843535718798,0,5.0
2024-06-30,Hybrid,4369.823638723312,1125.0197235575547,1237.7831533136937,34.493190883662926,25.8358846724515,4577.835207211278,315.1666825375885,0.4579684406066328,0,4.0
2024-07-31,Basmati,4602.473343664426,1140.5273680058199,1249.9488872007369,145.22901418720826,25.33945928265618,6671.557919889026,327.65968527917414,0.7396452912508364,0,4.0
2024-07-31,IRRI,4514.988194739098,1373.733396621351,1514.525867042767,93.93304824471231,24.362407798282977,4581.31544872813,342.0847847815687,0.6316552201645167,0,4.0
2024-07-31,Hybrid,4312.38392421528,1051.4567783448178,1104.2615724441914,17.596228344359172,24.253344259645907,6213.913218072428,293.03058948994624,0.3403673086902357,0,4.0
2024-08-31,Basmati,4556.6218948612,990.0813761482268,936.346551874211,87.29571028715982,26.84188127983176,6493.89775159297,281.0361958923574,0.5186541043572608,0,4.0
2024-08-31,IRRI,4669.614708223218,1374.2621765675815,1413.7125570291819,90.00308221789555,27.249926416767458,6237.454715316357,336.01223971892045,0.7458956922253448,0,4.0
2024-08-31,Hybrid,4445.896777029677,1296.6160688046502,1398.3539467147968,15.73952676272623,26.356810285525494,6966.656483167866,264.2495542901513,0.5492217074159492,1,4.0
2024-09-30,Basmati,4241.128429823969,1003.6239441766847,1066.1064824071238,83.94730252303711,22.175875253545307,5316.15327060998,301.7711643384711,0.26150654940138335,0,3.0
2024-09-30,IRRI,4578.966929707181,1287.96100698465,1368.9475009671087,11.786774573253112,29.14461897162873,4831.789385107651,306.7540848261558,0.682625478396086,0,4.0
2024-09-30,Hybrid,4215.0365331739595,1286.797861428885,1367.2553415329037,25.122387338860463,23.882221126019203,6091.075623859092,320.64757264869013,0.22211030137794943,1,3.0
2024-10-31,Basmati,4631.175854313521,1137.2792747041074,1223.2883286511099,130.64536856191285,34.8535647783837,6504.32020767448,283.9450192542806,0.7703775796225585,0,4.0
2024-10-31,IRRI,4253.545449249954,1112.426587661892,1169.8855471234535,67.84774267774502,33.58439851353745,5816.006652340283,323.15895217553316,0.2571409874214127,1,3.0
2024-10-31,Hybrid,4587.197641034591,1105.9211971847792,1185.6137187349668,118.45477607137187,33.85673995901577,5745.489291132848,305.5363550937631,0.7034412447905847,0,4.0
2024-11-30,Basmati,4326.301896388544,1042.7391309704044,1102.1681433360554,29.93136763937177,34.244108363763246,4680.49602244794,253.0652502205806,0.3803780219578496,1,4.0
2024-11-30,IRRI,4342.484647906412,1260.703434857845,1417.5960302209257,109.0753604649462,35.36871738159966,5563.733336120188,284.59349925469627,0.4597271340892219,1,4.0
2024-11-30,Hybrid,4730.613113703525,952.2566540326533,986.7766953809147,65.79231287843857,35.05463788747246,5716.672353561757,337.34232380816604,0.830491304807881,0,5.0
2024-12-31,Basmati,4492.670665548035,881.6367584509956,995.8532097673682,88.85254928900433,38.422540221100434,5026.655472514167,312.2966583563483,0.6420921540647644,1,4.0
2024-12-31,IRRI,4744.924719253949,1324.7494722066085,1381.6497221973966,107.37374470231329,38.36258537198154,4949.207772175605,273.7543324923878,0.8799765658291476,0,5.0
2024-12-31,Hybrid,4554.570743818101,1262.4494061947948,1240.2320529493309,73.84167846720521,26.450159339257187,6676.874753181279,294.53052550026655,0.5603721477507831,0,4.0
